6,https://shop.lululemon.com/c/women/_/N-1z140v0Z1z13zi2Z7vf?Nrpp=20&No=0
4,https://shop.lululemon.com/c/women/_/N-1z140v2Z1z13zi2Z7vf?Nrpp=20&No=0
4,https://shop.lululemon.com/c/men-bottoms/_/N-1z140upZ1z13zi2Z886?Nrpp=20&No=0
4,https://shop.lululemon.com/c/women-shoes/_/N-8f4?apl-shoes=&en-US-JSON=&accessories=&mnid=mn&women=&No=0&Nrpp=20
2,https://shop.lululemon.com/c/women-water-bottles/_/N-8by?water-bottles=&en-US-JSON=&accessories=&mnid=mn&women=&No=0&Nrpp=20
2,https://shop.lululemon.com/c/men-water-bottles/_/N-8b0?water-bottles=&en-US-JSON=&accessories=&men=&mnid=mn&No=0&Nrpp=20
2,https://shop.lululemon.com/c/women/_/N-1z13co0Z1z140v2Z7vfZ1z13ysr?PID=46157&CID=cj&No=0&Nrpp=20
2,https://shop.lululemon.com/c/women-headbands-hats/_/N-8buZ1z13yspZ1z13ysiZ1z13yrr?No=0&Nrpp=20
2,https://shop.lululemon.com/c/men-tights/_/N-8co?en-US-JSON=&bottoms=&men=&mnid=mn&tights=&No=0&Nrpp=20
2,https://shop.lululemon.com/c/women-scarves-gloves/_/N-8bw?gclid=Cj0KCQjwp_DPBRCZARIsAGOZYBQRBK_YHYOKdLAMThbGesohh345zlNvcHdEfgM_UOmFgEchgr7lKGwaAl6CEALw_wcB&CID=Google_Fetch_BRAND_A165_A822_C003741&No=0&Nrpp=20
2,https://shop.lululemon.com/c/women-scarves-gloves/_/N-8bw?en-US-JSON=&scarves-+-gloves=&accessories=&mnid=mn&women=&No=0&Nrpp=20
2,https://shop.lululemon.com/c/women-shorts/run/_/N-7yvZ1z141cp?No=0&Nrpp=20
2,https://shop.lululemon.com/c/men-socks/_/N-1z140skZ1z140umZ8az?No=0&Nrpp=20
2,https://shop.lululemon.com/c/men-vests/_/N-8as?tops=&en-US-JSON=&vests=&men=&mnid=mn&No=0&Nrpp=20
2,https://shop.lululemon.com/c/men/_/N-1z13zi2Z7tuZ1z13ysv?Nrpp=20&Ns=product.last_SKU_addition_dateTime%7C1&No=0
2,https://shop.lululemon.com/c/women-sports-bras/training/_/N-816Z1z13z6f?Nrpp=20&No=0
2,https://shop.lululemon.com/c/tops-short-sleeve/run/_/N-8blZ1z141cp?No=0&Nrpp=20
2,https://shop.lululemon.com/c/men-gloves/_/N-8ay?Nrpp=20&No=0
2,https://shop.lululemon.com/c/men-pants/_/N-1z140vdZ1z140uyZ88b?Nrpp=20&Ns=product.last_SKU_addition_dateTime%7C1&No=0
1,https://shop.lululemon.com/c/men-bottoms/_/N-886Z1z13ysiZ1z140um?CID=TWITTER_21&linkId=33296496&No=0&Nrpp=20
1,https://shop.lululemon.com/c/women-mainaccessories/_/N-1z13co1Z1z140s7Z81l?parent=tops&product=victory_jacket&gender=womens&Ns=price%7C0&cat=jackets_vests&lang=fr&No=0&Nrpp=20
